minX minY,maxX maxY,id
4 8,6 10,1
6.08594 50.7574,6.08727 50.7584,2
1 5,3 7,3
10.3113 50.2481,10.3153 50.25,4
9 13,11 15,5
7.93754 48.7103,7.95503 48.7181,6
2 6,4 8,7
3 7,5 9,8
6 10,8 12,9
5 9,7 11,10
8 12,10 14,11
7 11,9 13,12
12 8,4 10,13
45 3,83 7,14
72 21,50 31,15
27 12,40 3,16
